Date,Name,Year,Letterboxd URI
2021-01-16,La Haine,1995,https://boxd.it/2as8
2022-01-07,Oldboy,2003,https://boxd.it/29R2
2022-01-07,No Country for Old Men,2007,https://boxd.it/21ew
2022-01-07,Taxi Driver,1976,https://boxd.it/2b8y
2022-01-10,Lady Bird,2017,https://boxd.it/dGNE
2022-01-13,Birdman or (The Unexpected Virtue of Ignorance),2014,https://boxd.it/5RFA
2022-01-14,City of God,2002,https://boxd.it/2a2a
2022-01-15,Donnie Darko,2001,https://boxd.it/2b2A
2022-01-16,Lost in Translation,2003,https://boxd.it/2b0E
2022-01-17,Whiplash,2014,https://boxd.it/7bQA
2022-01-18,Inception,2010,https://boxd.it/1skk
2022-01-19,Eternal Sunshine of the Spotless Mind,2004,https://boxd.it/6YK
2022-01-22,American Psycho,2000,https://boxd.it/28Vs
2022-01-25,The Craft,1996,https://boxd.it/1Zai
2022-01-25,Disturbing Behavior,1998,https://boxd.it/1YIy
2022-01-25,The Social Network,2010,https://boxd.it/17ue
2022-01-26,The Faculty,1998,https://boxd.it/1Z5C
2022-01-27,Shutter Island,2010,https://boxd.it/1U82
2022-01-28,Fight Club,1999,https://boxd.it/2a9q
2022-01-28,Pulp Fiction,1994,https://boxd.it/29Pq
2022-01-28,Get Out,2017,https://boxd.it/eOCm
2022-01-28,The Wolf of Wall Street,2013,https://boxd.it/3C1m
2022-01-28,Black Swan,2010,https://boxd.it/Sw0
2022-01-29,Ghost World,2001,https://boxd.it/28Dy
2022-01-29,The Silence of the Lambs,1991,https://boxd.it/2aHW
2022-01-30,Nightcrawler,2014,https://boxd.it/780m
2022-01-30,Carrie,2013,https://boxd.it/4kC2
2022-02-01,Fargo,1996,https://boxd.it/2aHM
2022-02-03,The Grand Budapest Hotel,2014,https://boxd.it/3ZqO
2022-02-03,Perfect Blue,1997,https://boxd.it/1W7A
2022-02-03,Kill Bill: Vol. 1,2003,https://boxd.it/70w
2022-02-03,Kill Bill: Vol. 2,2004,https://boxd.it/2au4
2022-02-03,Knives Out,2019,https://boxd.it/jWEA
2022-02-04,Slumdog Millionaire,2008,https://boxd.it/1S3E
2022-02-04,Parasite,2019,https://boxd.it/hTha
2022-02-04,American Beauty,1999,https://boxd.it/71Y
2022-02-05,Her,2013,https://boxd.it/4O24
2022-02-05,The Matrix,1999,https://boxd.it/2a1m
2022-02-05,Se7en,1995,https://boxd.it/29zs
2022-02-05,Back to the Future,1985,https://boxd.it/2b8e
2022-02-05,The Dark Knight,2008,https://boxd.it/2b0k
2022-02-05,Batman Begins,2005,https://boxd.it/2aIg
2022-02-05,Inglourious Basterds,2009,https://boxd.it/1JzG
2022-02-05,Good Will Hunting,1997,https://boxd.it/2ahY
2022-02-05,The Truman Show,1998,https://boxd.it/18U8
2022-02-05,Back to the Future Part II,1989,https://boxd.it/2aYI
2022-02-08,12 Angry Men,1957,https://boxd.it/2auI
2022-02-08,Léon: The Professional,1994,https://boxd.it/2b8S
2022-02-10,Uncut Gems,2019,https://boxd.it/gXGc
2022-02-16,Before Sunrise,1995,https://boxd.it/2bcU
2022-02-16,Before Sunset,2004,https://boxd.it/2bcg
2022-02-17,Before Midnight,2013,https://boxd.it/4ive
2022-02-18,The Royal Tenenbaums,2001,https://boxd.it/1YHU
2022-02-22,Reservoir Dogs,1992,https://boxd.it/2agc
2022-02-25,Stalker,1979,https://boxd.it/28PO
2022-02-27,"Synecdoche, New York",2008,https://boxd.it/23zw
2022-03-01,Chungking Express,1994,https://boxd.it/1UDa
2022-03-04,Polytechnique,2009,https://boxd.it/1AMG
2022-03-04,The Piano Teacher,2001,https://boxd.it/2886
2022-03-04,Zodiac,2007,https://boxd.it/27MO
2022-03-05,The Game,1997,https://boxd.it/26vC
2022-03-07,Drive,2011,https://boxd.it/IG
2022-03-07,Three Colours: Blue,1993,https://boxd.it/2b7K
2022-03-09,Moonrise Kingdom,2012,https://boxd.it/2Wng
2022-03-09,The Shining,1980,https://boxd.it/29Nu
2022-03-10,Rushmore,1998,https://boxd.it/1TAO
2022-03-11,Baby Driver,2017,https://boxd.it/bhF2
2022-03-12,Barking Dogs Never Bite,2000,https://boxd.it/1BLa
2022-03-13,The Darjeeling Limited,2007,https://boxd.it/24as
2022-03-14,The Big Lebowski,1998,https://boxd.it/2b6C
2022-03-16,Memories of Murder,2003,https://boxd.it/1TSo
2022-03-17,Amour,2012,https://boxd.it/34Q6
2022-03-18,There Will Be Blood,2007,https://boxd.it/20Z2
2022-03-19,Mulholland Drive,2001,https://boxd.it/297o
2022-03-22,Magnolia,1999,https://boxd.it/2aze
2022-03-22,Eraserhead,1977,https://boxd.it/299u
2022-03-23,Raging Bull,1980,https://boxd.it/28yI
2022-03-25,Vertigo,1958,https://boxd.it/2apI
2022-03-25,The Master,2012,https://boxd.it/2cBG
2022-03-30,The Life Aquatic with Steve Zissou,2004,https://boxd.it/2aqw
2022-03-31,Y Tu Mamá También,2001,https://boxd.it/28QM
2022-04-03,Punch-Drunk Love,2002,https://boxd.it/20E4
2022-04-05,Frances Ha,2012,https://boxd.it/41Xg
2022-04-06,Spirited Away,2001,https://boxd.it/2b4m
2022-04-07,Gravity,2013,https://boxd.it/GZY
2022-04-08,Prisoners,2013,https://boxd.it/4E5i
2022-04-09,Boogie Nights,1997,https://boxd.it/23um
2022-04-10,House,1977,https://boxd.it/1vsm
2022-04-11,Hoop Dreams,1994,https://boxd.it/1Opc
2022-04-14,The French Dispatch,2021,https://boxd.it/jLP8
2022-04-15,GoodFellas,1990,https://boxd.it/29FA
2022-04-15,The 40 Year Old Virgin,2005,https://boxd.it/21hK
2022-04-18,A Nightmare on Elm Street,1984,https://boxd.it/2aw0
2022-04-22,Batman,1989,https://boxd.it/2aIU
2022-04-24,Blade Runner,1982,https://boxd.it/2bcA
2022-04-24,Batman Returns,1992,https://boxd.it/2awa
2022-04-27,Requiem for a Dream,2000,https://boxd.it/29VI
2022-04-27,The Perks of Being a Wallflower,2012,https://boxd.it/2ZA8
2022-04-27,The Big Short,2015,https://boxd.it/ajZw
2022-04-29,Tie Me Up! Tie Me Down!,1989,https://boxd.it/26FW
2022-05-03,Volver,2006,https://boxd.it/2aQO
2022-05-03,The Boy in the Striped Pyjamas,2008,https://boxd.it/1NOK
2022-05-04,The Departed,2006,https://boxd.it/28MA
2022-05-06,The Breakfast Club,1985,https://boxd.it/27q4
2022-05-06,Clueless,1995,https://boxd.it/1Ygk
2022-05-08,In the Mood for Love,2000,https://boxd.it/29tE
2022-05-09,Blade Runner 2049,2017,https://boxd.it/b8wK
2022-05-10,Do the Right Thing,1989,https://boxd.it/29gA
2022-05-10,Peppermint,2018,https://boxd.it/gnOE
2022-05-12,Persona,1966,https://boxd.it/29B4
2022-05-12,"I, Robot",2004,https://boxd.it/27y8
2022-05-13,Boyhood,2014,https://boxd.it/3178
2022-05-16,Blue Velvet,1986,https://boxd.it/29BI
2022-05-20,Come and See,1985,https://boxd.it/1w9q
2022-05-22,Split,2016,https://boxd.it/dgSy
2022-05-24,Cléo from 5 to 7,1962,https://boxd.it/2agm
2022-05-24,Everything Everywhere All at Once,2022,https://boxd.it/jUk4
2022-05-25,Man Bites Dog,1992,https://boxd.it/1X7Q
2022-05-25,Moneyball,2011,https://boxd.it/glS
2022-05-27,Jackie Brown,1997,https://boxd.it/2aVO
2022-05-28,Amores Perros,2000,https://boxd.it/2bfu
2022-05-28,The Founder,2016,https://boxd.it/9XwM
2022-05-30,Slacker,1990,https://boxd.it/1OUu
2022-06-01,The Host,2006,https://boxd.it/28ZY
2022-06-02,Pi,1998,https://boxd.it/2ajq
2022-06-03,I'm Thinking of Ending Things,2020,https://boxd.it/i4IQ
2022-06-06,Being John Malkovich,1999,https://boxd.it/2ahu
2022-06-07,Adaptation.,2002,https://boxd.it/26mA
2022-06-10,Almost Famous,2000,https://boxd.it/29CQ
2022-06-13,The Godfather,1972,https://boxd.it/2aNK
2022-06-16,The Graduate,1967,https://boxd.it/18Im
2022-06-16,Spider-Man: Into the Spider-Verse,2018,https://boxd.it/azpY
2022-06-16,Spider-Man: No Way Home,2021,https://boxd.it/nwRw
2022-06-17,The King of Comedy,1982,https://boxd.it/2aJS
2022-06-17,It's Such a Beautiful Day,2012,https://boxd.it/hCY2
2022-06-18,Little Miss Sunshine,2006,https://boxd.it/29EW
2022-06-18,Citizen Kane,1941,https://boxd.it/71O
2022-06-23,Chinatown,1974,https://boxd.it/29vU
2022-06-27,One Flew Over the Cuckoo's Nest,1975,https://boxd.it/2aeA
2022-06-29,The Wrestler,2008,https://boxd.it/1So8
2022-07-04,Bottle Rocket,1996,https://boxd.it/1PDa
2022-07-05,Moon,2009,https://boxd.it/1IGQ
2022-07-05,Gone Girl,2014,https://boxd.it/6hQu
2022-07-06,Dazed and Confused,1993,https://boxd.it/1Ylk
2022-07-06,Willy Wonka & the Chocolate Factory,1971,https://boxd.it/2aLu
2022-07-06,Easy A,2010,https://boxd.it/17DK
2022-07-08,Heat,1995,https://boxd.it/2bg8
2022-07-09,10 Things I Hate About You,1999,https://boxd.it/23AO
2022-07-10,Fallen Angels,1995,https://boxd.it/1UkW
2022-07-11,The Tree of Life,2011,https://boxd.it/1Zu8
2022-07-11,Last Night in Soho,2021,https://boxd.it/lbJC
2022-07-13,The Pianist,2002,https://boxd.it/2aqc
2022-07-15,The 400 Blows,1959,https://boxd.it/2b1C
2022-07-15,Jurassic Park,1993,https://boxd.it/2aA2
2022-07-19,Nomadland,2020,https://boxd.it/lnRy
2022-07-20,Casablanca,1942,https://boxd.it/2aG0
2022-07-29,Catch Me If You Can,2002,https://boxd.it/29VS
2022-07-29,Yi Yi,2000,https://boxd.it/1vCw
2022-07-31,American Pie,1999,https://boxd.it/27qy
2022-07-31,Superbad,2007,https://boxd.it/20hO
2022-08-01,Gates of Heaven,1978,https://boxd.it/1wBu
2022-08-04,Cure,1997,https://boxd.it/1blA
2022-08-04,Charlie and the Chocolate Factory,2005,https://boxd.it/2b68
2022-08-05,Barton Fink,1991,https://boxd.it/2aFQ
2022-08-06,Manhattan,1979,https://boxd.it/29Na
2022-08-06,Midnight in Paris,2011,https://boxd.it/i4a
2022-08-07,Jojo Rabbit,2019,https://boxd.it/iEBG
2022-08-08,Double Indemnity,1944,https://boxd.it/297I
2022-08-08,"Three Billboards Outside Ebbing, Missouri",2017,https://boxd.it/ceBS
2022-08-09,Irma Vep,1996,https://boxd.it/1vYs
2022-08-09,Sicario,2015,https://boxd.it/8i7u
2022-08-11,Arrival,2016,https://boxd.it/aNGk
2022-08-12,American Honey,2016,https://boxd.it/bk7C
2022-08-16,Green Book,2018,https://boxd.it/hErk
2022-08-18,Eyes Wide Shut,1999,https://boxd.it/2axs
2022-08-18,Annie Hall,1977,https://boxd.it/29M2
2022-08-20,Raising Arizona,1987,https://boxd.it/2avQ
2022-08-20,Day Shift,2022,https://boxd.it/sn8W
2022-08-20,L.A. Confidential,1997,https://boxd.it/27oC
2022-08-23,Blood Simple,1984,https://boxd.it/1U16
2022-08-23,Now You See Me,2013,https://boxd.it/2Bsu
2022-08-25,The Girl with the Dragon Tattoo,2011,https://boxd.it/2Pa
2022-08-25,Office Space,1999,https://boxd.it/28Em
2022-08-25,CODA,2021,https://boxd.it/tbf4
2022-08-25,World War Z,2013,https://boxd.it/2p2E
2022-08-27,The Devil Wears Prada,2006,https://boxd.it/2awE
2022-08-29,Train to Busan,2016,https://boxd.it/dSQU
2022-09-03,Licorice Pizza,2021,https://boxd.it/qTKY
2022-09-05,Captain Fantastic,2016,https://boxd.it/b2K2
2022-09-08,Thief,1981,https://boxd.it/1TEc
2022-09-10,Paddington,2014,https://boxd.it/3RKw
2022-09-10,Project X,2012,https://boxd.it/neO
2022-09-12,Hellraiser,1987,https://boxd.it/1Zpi
2022-09-12,A Rainy Day in New York,2019,https://boxd.it/h2z6
2022-09-12,Hard Eight,1996,https://boxd.it/20DU
2022-09-13,The Terminator,1984,https://boxd.it/2aQY
2022-09-16,The Machinist,2004,https://boxd.it/248c
2022-09-18,Hellbound: Hellraiser II,1988,https://boxd.it/1ZfW
2022-09-18,Vanilla Sky,2001,https://boxd.it/27TK
2022-09-20,The Virgin Suicides,1999,https://boxd.it/28JG
2022-09-26,Airplane!,1980,https://boxd.it/29yu
2022-09-26,The Fly,1986,https://boxd.it/1YIe
2022-09-27,Nope,2022,https://boxd.it/sDCe
2022-09-27,Angst,1983,https://boxd.it/1G46
2022-09-28,The Secret Life of Walter Mitty,2013,https://boxd.it/3SWy
2022-09-29,The Maltese Falcon,1941,https://boxd.it/29c4
2022-09-29,Malcolm X,1992,https://boxd.it/27WE
2022-09-29,The Man Who Sleeps,1974,https://boxd.it/3xwE
2022-09-30,The Boondock Saints,1999,https://boxd.it/20gw
2022-10-01,Terminator 2: Judgment Day,1991,https://boxd.it/2aGY
2022-10-01,Misery,1990,https://boxd.it/28gY
2022-10-01,Network,1976,https://boxd.it/1VqG
2022-10-03,Paddington 2,2017,https://boxd.it/bCF8
2022-10-11,Scanners,1981,https://boxd.it/1YqE
2022-10-11,The Brood,1979,https://boxd.it/1ovS
2022-10-14,Call Me by Your Name,2017,https://boxd.it/dYmm
2022-10-16,Friday,1995,https://boxd.it/1VLO
2022-10-20,Certain Women,2016,https://boxd.it/bk7W
2022-10-21,Groundhog Day,1993,https://boxd.it/2b3e
2022-10-24,Juno,2007,https://boxd.it/210a
2022-10-24,Human Nature,2001,https://boxd.it/2ani
2022-10-24,Full Metal Jacket,1987,https://boxd.it/2a1Q
2022-10-30,It,2017,https://boxd.it/bC8e
2022-11-01,Burn After Reading,2008,https://boxd.it/23BW
2022-11-04,It Chapter Two,2019,https://boxd.it/h10u
2022-11-09,Spring Breakers,2012,https://boxd.it/421s
2022-11-16,Miami Vice,2006,https://boxd.it/2bbW
2022-11-16,Sin City,2005,https://boxd.it/2aVk
2022-11-18,(500) Days of Summer,2009,https://boxd.it/1EmM
2022-11-18,RoboCop,1987,https://boxd.it/22Wu
2022-11-19,Rosemary's Baby,1968,https://boxd.it/29zM
2022-11-21,Dead Ringers,1988,https://boxd.it/1Yqk
2022-11-21,Seven Psychopaths,2012,https://boxd.it/34PW
2022-11-26,Videodrome,1983,https://boxd.it/29uC
2022-11-29,Anomalisa,2015,https://boxd.it/97TE
2022-11-30,The Aviator,2004,https://boxd.it/26BU
2022-12-05,Along Came a Spider,2001,https://boxd.it/27yW
2022-12-11,The Shawshank Redemption,1994,https://boxd.it/2aHi
2022-12-11,"Jeanne Dielman, 23, quai du Commerce, 1080 Bruxelles",1975,https://boxd.it/T18
2022-12-17,Rush Hour,1998,https://boxd.it/27pU
2022-12-18,The Banshees of Inisherin,2022,https://boxd.it/p7XS
2022-12-18,Rush Hour 2,2001,https://boxd.it/23ga
2022-12-22,School of Rock,2003,https://boxd.it/28xK
2022-12-23,Pain and Glory,2019,https://boxd.it/iOBQ
2022-12-23,Bullet Train,2022,https://boxd.it/qW26
2022-12-24,Once Upon a Time… in Hollywood,2019,https://boxd.it/gH0O
2022-12-25,Ocean's Eleven,2001,https://boxd.it/2aZm
2022-12-25,Ocean's Twelve,2004,https://boxd.it/2aZ2
2022-12-30,The Lobster,2015,https://boxd.it/7tnw
2022-12-30,Twelve Monkeys,1995,https://boxd.it/2beQ
2022-12-31,Glass Onion,2022,https://boxd.it/oCkK
2023-01-01,Miller's Crossing,1990,https://boxd.it/2avG
2023-01-01,The Da Vinci Code,2006,https://boxd.it/2a3i
2023-01-01,"Hail, Caesar!",2016,https://boxd.it/881G
2023-01-02,City Hall,1996,https://boxd.it/1UJs
2023-01-02,Ocean's Thirteen,2007,https://boxd.it/2aEy
2023-01-03,Children of Men,2006,https://boxd.it/1Y2i
2023-01-03,Enemy,2013,https://boxd.it/5xtO
2023-01-05,Now You See Me 2,2016,https://boxd.it/99fw
2023-01-05,All That Jazz,1979,https://boxd.it/1JB8
2023-01-07,Solaris,1972,https://boxd.it/2a2Y
2023-01-09,The Menu,2022,https://boxd.it/lScm
2023-01-09,Hereditary,2018,https://boxd.it/hNVe
2023-01-11,All About Lily Chou-Chou,2001,https://boxd.it/1JP0
2023-01-11,8 Mile,2002,https://boxd.it/2bew
2023-01-11,Triangle of Sadness,2022,https://boxd.it/hXlq
2023-01-12,A History of Violence,2005,https://boxd.it/2bfa
2023-01-12,Eastern Promises,2007,https://boxd.it/275q
2023-01-14,Ocean's Eight,2018,https://boxd.it/eaai
2023-01-14,The Square,2017,https://boxd.it/e5YW
2023-01-14,Ghostbusters,1984,https://boxd.it/g2w
2023-01-15,Zero Dark Thirty,2012,https://boxd.it/3n1w
2023-01-15,The Batman,2022,https://boxd.it/eDGs
2023-01-17,Blow Out,1981,https://boxd.it/1TlE
2023-01-20,Minority Report,2002,https://boxd.it/2aWi
2023-01-20,Predator,1987,https://boxd.it/2b84
2023-01-21,The Whole Nine Yards,2000,https://boxd.it/27vS
2023-01-21,Halloween,1978,https://boxd.it/2wRu
2023-01-22,Dallas Buyers Club,2013,https://boxd.it/4O8G
2023-01-24,The Irishman,2019,https://boxd.it/dYOq
2023-01-26,Elvis,2022,https://boxd.it/mK4w
2023-01-27,Escape from New York,1981,https://boxd.it/294k
2023-01-27,Hannibal,2001,https://boxd.it/1XVc
2023-01-28,Face/Off,1997,https://boxd.it/29I0
2023-01-30,"Paris, Texas",1984,https://boxd.it/29Ts
2023-02-01,Carlito's Way,1993,https://boxd.it/226e
2023-02-01,Scarface,1983,https://boxd.it/2b7g
2023-02-01,Carrie,1976,https://boxd.it/20ZQ
2023-02-03,964 Pinocchio,1991,https://boxd.it/EhA
2023-02-03,Strange Days,1995,https://boxd.it/2aGO
2023-02-04,The Texas Chain Saw Massacre,1974,https://boxd.it/1lcS
2023-02-06,What's Eating Gilbert Grape,1993,https://boxd.it/28xg
2023-02-06,Hugo,2011,https://boxd.it/R08
2023-02-07,The Number 23,2007,https://boxd.it/258C
2023-02-07,Forgetting Sarah Marshall,2008,https://boxd.it/1XEq
2023-02-09,Midnight Cowboy,1969,https://boxd.it/25Hi
2023-02-09,The Fault in Our Stars,2014,https://boxd.it/6BQa
2023-02-11,I ♥ Huckabees,2004,https://boxd.it/28vk
2023-02-11,Women on the Verge of a Nervous Breakdown,1988,https://boxd.it/24GI
2023-02-12,25th Hour,2002,https://boxd.it/28LC
2023-02-13,Psycho,1960,https://boxd.it/2ab2
2023-02-13,Ready Player One,2018,https://boxd.it/aZes
2023-02-15,The Green Ray,1986,https://boxd.it/t8W
2023-02-15,Jerry Maguire,1996,https://boxd.it/1YNS
2023-02-16,Stranger Than Paradise,1984,https://boxd.it/2ajU
2023-02-19,Ghost Dog: The Way of the Samurai,1999,https://boxd.it/23Ne
2023-02-19,Chop Shop,2007,https://boxd.it/1LZQ
2023-02-19,Hiroshima Mon Amour,1959,https://boxd.it/22WY
2023-02-20,A.I. Artificial Intelligence,2001,https://boxd.it/29Ve
2023-02-20,The Thin Blue Line,1988,https://boxd.it/1OnK
2023-02-20,Mystery Train,1989,https://boxd.it/1Ub6
2023-02-21,Murder on the Orient Express,2017,https://boxd.it/dHjA
2023-02-27,Picnic at Hanging Rock,1975,https://boxd.it/1UQe
2023-02-27,Hunt for the Wilderpeople,2016,https://boxd.it/cTgG
2023-02-27,Dogtooth,2009,https://boxd.it/158K
2023-03-01,Sympathy for Mr. Vengeance,2002,https://boxd.it/23WU
2023-03-08,Pale Flower,1964,https://boxd.it/dGS
2023-03-09,Paris Is Burning,1990,https://boxd.it/1jzg
2023-03-13,The Blob,1958,https://boxd.it/1ZKA
2023-03-13,Lady Vengeance,2005,https://boxd.it/248G
2023-03-14,Night on Earth,1991,https://boxd.it/2ayq
2023-03-17,The Red Shoes,1948,https://boxd.it/1EXI
2023-03-18,Killer Klowns from Outer Space,1988,https://boxd.it/1Kpi
2023-03-19,The Match Factory Girl,1990,https://boxd.it/20Je
2023-03-20,Amateur,1994,https://boxd.it/1lQ4
2023-03-21,"Crouching Tiger, Hidden Dragon",2000,https://boxd.it/2b1M
2023-03-24,Mean Streets,1973,https://boxd.it/2aSU
2023-03-24,Resident Evil,2002,https://boxd.it/28z2
2023-03-24,Creed,2015,https://boxd.it/a2qk
2023-03-25,Don't Look Up,2021,https://boxd.it/o0Hc
2023-03-26,Touch of Evil,1958,https://boxd.it/28II
2023-03-27,Nosferatu the Vampyre,1979,https://boxd.it/21J0
2023-03-28,Symbiopsychotaxiplasm: Take One,1968,https://boxd.it/R6q
2023-03-30,Secrets & Lies,1996,https://boxd.it/1UuC
2023-04-01,The Bedroom Window,1987,https://boxd.it/14wG
2023-04-02,Coffee and Cigarettes,2003,https://boxd.it/29nc
2023-04-02,La Cérémonie,1995,https://boxd.it/287C
2023-04-04,The Spirit of the Beehive,1973,https://boxd.it/24eY
2023-04-04,Inland Empire,2006,https://boxd.it/28d6
2023-04-05,The Pledge,2001,https://boxd.it/22hc
2023-04-06,John Wick,2014,https://boxd.it/7dEc
2023-04-06,John Wick: Chapter 2,2017,https://boxd.it/ayGu
2023-04-14,John Wick: Chapter 3 – Parabellum,2019,https://boxd.it/gmFw
2023-04-15,eXistenZ,1999,https://boxd.it/27Ni
2023-04-16,The Apartment,1960,https://boxd.it/2aGE
2023-04-18,Body Double,1984,https://boxd.it/1TGW
2023-04-20,Ichi the Killer,2001,https://boxd.it/1Y1O
2023-04-23,First Reformed,2017,https://boxd.it/go9C
2023-04-23,Mishima: A Life in Four Chapters,1985,https://boxd.it/1sBA
2023-04-23,Contact,1997,https://boxd.it/29OM
2023-04-23,The Evil Dead,1981,https://boxd.it/29Go
2023-04-25,The Hunt,2012,https://boxd.it/3wEC
2023-04-26,Evil Dead II,1987,https://boxd.it/29Ge
2023-04-28,Only God Forgives,2013,https://boxd.it/2HBs
2023-04-29,Dog Day Afternoon,1975,https://boxd.it/29bg
2023-05-02,The Assassin,2015,https://boxd.it/7rdE
2023-05-02,Interstellar,2014,https://boxd.it/4VZ8
2023-05-04,Blue Collar,1978,https://boxd.it/1Nhm
2023-05-08,Dungeons & Dragons: Honor Among Thieves,2023,https://boxd.it/hN1A
2023-05-10,A Pigeon Sat on a Branch Reflecting on Existence,2014,https://boxd.it/3Ifa
2023-05-24,Mission: Impossible,1996,https://boxd.it/29d2
2023-05-25,Tampopo,1985,https://boxd.it/1SZe
2023-05-25,John Wick: Chapter 4,2023,https://boxd.it/mh48
2023-05-25,A Separation,2011,https://boxd.it/gvo
2023-05-27,The Thing,1982,https://boxd.it/294O
2023-06-02,Dr. Caligari,1989,https://boxd.it/1cbG
2023-06-03,Scream,1996,https://boxd.it/24EC
2023-06-03,Hellraiser,2022,https://boxd.it/bg7S
2023-06-05,Alien,1979,https://boxd.it/2awY
2023-06-05,Speed Racer,2008,https://boxd.it/20UQ
2023-06-05,Trainspotting,1996,https://boxd.it/29XY
2023-06-06,Serpico,1973,https://boxd.it/1ZjE
2023-06-07,The Visitor,1979,https://boxd.it/vdO
2023-06-07,Crash,2004,https://boxd.it/28q0
2023-06-08,Prometheus,2012,https://boxd.it/2s9e
2023-06-09,Jackals & Fireflies,2023,https://boxd.it/F640
2023-06-09,Andrea,2005,https://boxd.it/ae4K
2023-06-11,Aliens,1986,https://boxd.it/29PA
2023-06-12,May,2002,https://boxd.it/1V8M
2023-06-13,Cape Fear,1991,https://boxd.it/28vu
2023-06-17,The Usual Suspects,1995,https://boxd.it/29XE
2023-06-20,TÁR,2022,https://boxd.it/uNIA
2023-06-24,Asteroid City,2023,https://boxd.it/s3ds
2023-06-25,Aftersun,2022,https://boxd.it/Arw0
2023-06-25,Triangle,2009,https://boxd.it/1tQG
2023-06-30,Sound of Metal,2019,https://boxd.it/i7Q4
2023-07-01,Fast Times at Ridgemont High,1982,https://boxd.it/1QnM
2023-07-02,Shivers,1975,https://boxd.it/1rPG
2023-07-04,Crimes of the Future,2022,https://boxd.it/uTuY
2023-07-05,Last Night,1998,https://boxd.it/1KLe
2023-07-12,Casino,1995,https://boxd.it/2ads
2023-07-13,Forrest Gump,1994,https://boxd.it/728
2023-07-20,The Long Goodbye,1973,https://boxd.it/281O
2023-07-20,El Mariachi,1992,https://boxd.it/1YRq
2023-07-23,The Untouchables,1987,https://boxd.it/2b6i
2023-07-23,Sorcerer,1977,https://boxd.it/14J6
2023-07-27,Natural Born Killers,1994,https://boxd.it/2aNg
2023-07-28,Oppenheimer,2023,https://boxd.it/wUow
2023-07-28,BlacKkKlansman,2018,https://boxd.it/hxL8
2023-07-29,Inside Man,2006,https://boxd.it/2auS
2023-08-01,Mad Max: Fury Road,2015,https://boxd.it/2DjO
2023-08-02,Kick-Ass,2010,https://boxd.it/1zaQ
2023-08-03,They Cloned Tyrone,2023,https://boxd.it/rE7a
2023-08-07,Buffalo '66,1998,https://boxd.it/1YC6
2023-08-08,Hollow Man,2000,https://boxd.it/1YP0
2023-08-10,Babylon,2022,https://boxd.it/mM02
2023-08-10,Everybody Wants Some!!,2016,https://boxd.it/9mgM
2023-08-11,Sorry to Bother You,2018,https://boxd.it/f21E
2023-08-11,Babel,2006,https://boxd.it/292o
2023-08-16,No Hard Feelings,2023,https://boxd.it/xouu
2023-08-24,Knight and Day,2010,https://boxd.it/17po
2023-08-24,Fatal Attraction,1987,https://boxd.it/1UTC
2023-08-25,Point Break,1991,https://boxd.it/2958
2023-08-26,8MM,1999,https://boxd.it/20sC
